Workbook

Sheet Overview
A1: Nutrition Assessment: Dietitian Review Workbook
A2: Editable clinical-content review of the assessment currently implemented on the Nutrition by Iballa website.
A4: Purpose and Use
A5: This workbook documents the current assessment content and calculation rules for professional sanity checking. Pale-yellow cells are intended for dietitian input. Edits made here are review recommendations only and do not automatically change the website.
A9: Current Assessment Snapshot | E9: Clinical Safety Notice
A10: Steps | B10: 7 | E10: The website states that this tool provides general educational insights only and does not diagnose or replace personalised medical or dietetic advice. Review wording, scores, thresholds, omissions, contraindications, referral triggers, and whether any answer could produce unsafe or misleading advice.
A11: Questions | B11: 16
A12: Answer options | B12: 67
A13: Scored questions | B13: 13
A14: Scored categories | B14: 6
A15: Categories in overall score | B15: 5
A17: How to Review
A18: 1 | B18: Questions & Answers | C18: Review every question, answer label, internal value, and score. Enter revised wording, rationale, evidence, safety concerns, and action in yellow columns.
A19: 2 | B19: Results Logic | C19: Review score bands, category summaries, overall-score exclusions, and recommendation triggers.
A20: 3 | B20: Flow Map | C20: Confirm the seven-step order and completion rules. The current assessment contains no answer-dependent branching.
A21: 4 | B21: Scenario Tester | C21: Choose answers from dropdowns to reproduce scores and advice generated by the current rules.
A22: 5 | B22: Proposed Changes | C22: Add new questions, answers, conditional flows, or advice in a structured implementation-ready format.
A23: 6 | B23: Sign-off | C23: Use status fields to distinguish comments, requested changes, and approved clinical content.
A25: Color Key
A26: Source content | C26: Dietitian input | E26: Safety concern | G26: Approved / acceptable
A27: Neutral cells reflect current website logic. | C27: Pale-yellow cells are editable review fields. | E27: Red-tinted cells flag safety-sensitive review. | G27: Green indicates approved or acceptable status.

Sheet Questions & Answers
A1: Questions & Answers
A2: One row per answer option. Source fields reflect the current website; yellow columns are for dietitian review.
A4: Lookup Key | B4: Step # | C4: Step ID | D4: Step Title | E4: Question ID | F4: Question | G4: Category | H4: Requirement | I4: Answer Option | J4: Internal Value | K4: Score /100 | L4: Revised Question / Answer Wording | M4: Clinical Rationale | N4: Evidence / Source | O4: Safety Concern | P4: Recommended Action | Q4: Review Status | R4: Implementation Notes
A5: ageRange|18-24 | B5: 1 | C5: basics | D5: Basic information | E5: ageRange | F5: What is your age range? | G5: Unscored profile | H5: Required | I5: 18-24 | J5: 18-24 | P5: Keep | Q5: Not reviewed
A6: ageRange|25-34 | B6: 1 | C6: basics | D6: Basic information | E6: ageRange | F6: What is your age range? | G6: Unscored profile | H6: Required | I6: 25-34 | J6: 25-34 | P6: Keep | Q6: Not reviewed
A7: ageRange|35-44 | B7: 1 | C7: basics | D7: Basic information | E7: ageRange | F7: What is your age range? | G7: Unscored profile | H7: Required | I7: 35-44 | J7: 35-44 | P7: Keep | Q7: Not reviewed
A8: ageRange|45-54 | B8: 1 | C8: basics | D8: Basic information | E8: ageRange | F8: What is your age range? | G8: Unscored profile | H8: Required | I8: 45-54 | J8: 45-54 | P8: Keep | Q8: Not reviewed
A9: ageRange|55-64 | B9: 1 | C9: basics | D9: Basic information | E9: ageRange | F9: What is your age range? | G9: Unscored profile | H9: Required | I9: 55-64 | J9: 55-64 | P9: Keep | Q9: Not reviewed
A10: ageRange|65+ | B10: 1 | C10: basics | D10: Basic information | E10: ageRange | F10: What is your age range? | G10: Unscored profile | H10: Required | I10: 65+ | J10: 65-plus | P10: Keep | Q10: Not reviewed
A11: gender|Female | B11: 1 | C11: basics | D11: Basic information | E11: gender | F11: Gender | G11: Unscored profile | H11: Optional | I11: Female | J11: female | P11: Keep | Q11: Not reviewed
A12: gender|Male | B12: 1 | C12: basics | D12: Basic information | E12: gender | F12: Gender | G12: Unscored profile | H12: Optional | I12: Male | J12: male | P12: Keep | Q12: Not reviewed
A13: gender|Non-binary | B13: 1 | C13: basics | D13: Basic information | E13: gender | F13: Gender | G13: Unscored profile | H13: Optional | I13: Non-binary | J13: non-binary | P13: Keep | Q13: Not reviewed
A14: gender|Prefer not to say | B14: 1 | C14: basics | D14: Basic information | E14: gender | F14: Gender | G14: Unscored profile | H14: Optional | I14: Prefer not to say | J14: prefer-not | P14: Keep | Q14: Not reviewed
A15: mainGoal|Improve health | B15: 1 | C15: basics | D15: Basic information | E15: mainGoal | F15: What is your main nutrition goal? | G15: Unscored profile | H15: Required | I15: Improve health | J15: improve-health | P15: Keep | Q15: Not reviewed
A16: mainGoal|Weight management | B16: 1 | C16: basics | D16: Basic information | E16: mainGoal | F16: What is your main nutrition goal? | G16: Unscored profile | H16: Required | I16: Weight management | J16: weight-management | P16: Keep | Q16: Not reviewed
... A19: mainGoal|General wellbeing | B19: 1 | C19: basics | D19: Basic information | E19: mainGoal | F19: What is your main nutrition goal? | G19: Unscored profile | H19: Required | I19: General wellbeing | J19: wellbeing | P19: Keep | Q19: Not reviewed
A20: fruitPortions|None | B20: 2 | C20: fruit-vegetables | D20: Fruit and vegetable intake | E20: fruitPortions | F20: How many portions of fruit do you eat on a typical day? | G20: fruitVegetables | H20: Required | I20: None | J20: none | K20: 0 | P20: Keep | Q20: Not reviewed
A21: fruitPortions|1 portion | B21: 2 | C21: fruit-vegetables | D21: Fruit and vegetable intake | E21: fruitPortions | F21: How many portions of fruit do you eat on a typical day? | G21: fruitVegetables | H21: Required | I21: 1 portion | J21: one | K21: 35 | P21: Keep | Q21: Not reviewed
A22: fruitPortions|2 portions | B22: 2 | C22: fruit-vegetables | D22: Fruit and vegetable intake | E22: fruitPortions | F22: How many portions of fruit do you eat on a typical day? | G22: fruitVegetables | H22: Required | I22: 2 portions | J22: two | K22: 80 | P22: Keep | Q22: Not reviewed
A23: fruitPortions|3 or more portions | B23: 2 | C23: fruit-vegetables | D23: Fruit and vegetable intake | E23: fruitPortions | F23: How many portions of fruit do you eat on a typical day? | G23: fruitVegetables | H23: Required | I23: 3 or more portions | J23: three-plus | K23: 100 | P23: Keep | Q23: Not reviewed
A24: vegetablePortions|None | B24: 2 | C24: fruit-vegetables | D24: Fruit and vegetable intake | E24: vegetablePortions | F24: How many portions of vegetables or salad do you eat on a typical day? | G24: fruitVegetables | H24: Required | I24: None | J24: none | K24: 0 | P24: Keep | Q24: Not reviewed
A25: vegetablePortions|1 portion | B25: 2 | C25: fruit-vegetables | D25: Fruit and vegetable intake | E25: vegetablePortions | F25: How many portions of vegetables or salad do you eat on a typical day? | G25: fruitVegetables | H25: Required | I25: 1 portion | J25: one | K25: 35 | P25: Keep | Q25: Not reviewed
A26: vegetablePortions|2 portions | B26: 2 | C26: fruit-vegetables | D26: Fruit and vegetable intake | E26: vegetablePortions | F26: How many portions of vegetables or salad do you eat on a typical day? | G26: fruitVegetables | H26: Required | I26: 2 portions | J26: two | K26: 70 | P26: Keep | Q26: Not reviewed
A27: vegetablePortions|3 or more portions | B27: 2 | C27: fruit-vegetables | D27: Fruit and vegetable intake | E27: vegetablePortions | F27: How many portions of vegetables or salad do you eat on a typical day? | G27: fruitVegetables | H27: Required | I27: 3 or more portions | J27: three-plus | K27: 100 | P27: Keep | Q27: Not reviewed
A28: wholegrains|Rarely or never | B28: 3 | C28: fibre-wholegrains | D28: Fibre and wholegrains | E28: wholegrains | F28: How often do you eat wholegrain bread, oats, brown rice, or wholegrain pasta? | G28: fibre | H28: Required | I28: Rarely or never | J28: rarely | K28: 10 | P28: Keep | Q28: Not reviewed
A29: wholegrains|1-2 times per week | B29: 3 | C29: fibre-wholegrains | D29: Fibre and wholegrains | E29: wholegrains | F29: How often do you eat wholegrain bread, oats, brown rice, or wholegrain pasta? | G29: fibre | H29: Required | I29: 1-2 times per week | J29: weekly | K29: 40 | P29: Keep | Q29: Not reviewed
A30: wholegrains|Most days | B30: 3 | C30: fibre-wholegrains | D30: Fibre and wholegrains | E30: wholegrains | F30: How often do you eat wholegrain bread, oats, brown rice, or wholegrain pasta? | G30: fibre | H30: Required | I30: Most days | J30: most-days | K30: 80 | P30: Keep | Q30: Not reviewed
A31: wholegrains|Daily | B31: 3 | C31: fibre-wholegrains | D31: Fibre and wholegrains | E31: wholegrains | F31: How often do you eat wholegrain bread, oats, brown rice, or wholegrain pasta? | G31: fibre | H31: Required | I31: Daily | J31: daily | K31: 100 | P31: Keep | Q31: Not reviewed
... A71: sleepQuality|Very good | B71: 7 | C71: lifestyle | D71: Lifestyle | E71: sleepQuality | F71: How would you rate your sleep quality? | G71: lifestyle | H71: Required | I71: Very good | J71: very-good | K71: 100 | P71: Keep | Q71: Not reviewed

Sheet Results Logic
A1: Results Logic
A2: Current rating bands, category summaries, overall calculation, and recommendation rules.
A4: Rating Bands
A5: Minimum Score | B5: Maximum Score | C5: Rating | D5: Applied To
A6: 80 | B6: 100 | C6: Strong | D6: Overall and category scores
A7: 60 | B7: 79 | C7: Developing well | D7: Overall and category scores
A8: 40 | B8: 59 | C8: Could improve | D8: Overall and category scores
A9: 0 | B9: 39 | C9: Needs attention | D9: Overall and category scores
A11: Category Calculation and Summary Rules
A12: Category ID | B12: Display Label | C12: Questions | D12: Included in Overall? | E12: Displayed on Results? | F12: Summary Threshold | G12: Summary if >=70 | H12: Summary if <70 | I12: Dietitian Review | J12: Status
A13: fibre | B13: Fibre Habits | C13: wholegrains, legumes | D13: Yes | E13: Yes | F13: 70 | G13: Your fibre habits appear positive. Continuing to include wholegrains, legumes, fruit, and vegetables can support a balanced diet. | H13: Your fibre intake appears lower than ideal. Increasing wholegrains, legumes, fruit, and vegetables may help support digestive health. | J13: Not reviewed
A14: protein | B14: Protein Habits | C14: proteinFrequency, proteinMeals | D14: Yes | E14: Yes | F14: 70 | G14: Your protein habits appear strong and are likely supporting satiety and muscle maintenance. | H14: Your protein intake could be more consistent. Adding a protein source to more meals may help meals feel more balanced. | J14: Not reviewed
A15: fruitVegetables | B15: Fruit & Vegetable Intake | C15: fruitPortions, vegetablePortions | D15: Yes | E15: Yes | F15: 70 | G15: Your fruit and vegetable intake appears supportive of good overall diet quality. | H15: Your fruit and vegetable intake could be increased. Small additions across the day can make this easier to sustain. | J15: Not reviewed
A16: hydration | B16: Hydration Habits | C16: fluidIntake, sugaryDrinks | D16: Yes | E16: Yes | F16: 70 | G16: Your hydration habits appear supportive. Keeping water available during the day can help maintain this routine. | H16: Your hydration habits could be improved by increasing daily fluid intake and choosing unsweetened drinks more often. | J16: Not reviewed
A17: lifestyle | B17: Lifestyle Habits | C17: activityDays, sleepQuality | D17: Yes | E17: Yes | F17: 70 | G17: Your activity and sleep habits appear to be supporting your general wellbeing. | H17: Your lifestyle habits may benefit from more regular movement and attention to sleep quality. | J17: Not reviewed
A18: mealPatterns | B18: Meal Regularity | C18: breakfast, skippingMeals, regularTimes | D18: No | E18: No | F18: 70 | G18: Your meal routine appears steady, which can make balanced nutrition easier to maintain. | H18: Your meal routine could be more regular. Planning simple meals or snacks may help reduce skipped meals. | J18: Not reviewed
A20: Overall Score and Summary
A21: Rule | B21: Current implementation | C21: Clinical review note
A22: Overall score | B22: Rounded mean of fibre, protein, fruitVegetables, hydration, and lifestyle category scores.
A23: Excluded category | B23: mealPatterns is calculated and can trigger advice, but is not shown as a result card and is excluded from the overall score.
A24: Overall summary | B24: Score >=70: supportive nutrition pattern. Score <70: several realistic opportunities to strengthen everyday nutrition habits.
A26: Recommendation Rules
A27: Order | B27: Category | C27: Trigger | D27: Advice Displayed | E27: Maximum Displayed | F27: Fallback Rule | G27: Clinical Rationale / Evidence | H27: Safety Concern | I27: Recommended Revision | J27: Status
A28: 1 | B28: fruitVegetables | C28: Category score <75 | D28: Add an extra serving of vegetables to lunch or dinner. | E28: First 5 recommendations | F28: If fewer than 3 category rules trigger, append generic balanced-meal advice. | J28: Not reviewed
A29: 2 | B29: fibre | C29: Category score <75 | D29: Choose wholegrain options more often, such as oats, wholegrain bread, brown rice, or wholegrain pasta. | E29: First 5 recommendations | J29: Not reviewed
A30: 3 | B30: protein | C30: Category score <75 | D30: Include a protein source with breakfast or your least balanced meal of the day. | E30: First 5 recommendations | J30: Not reviewed
A31: 4 | B31: hydration | C31: Category score <75 | D31: Carry a reusable water bottle to make regular fluid intake easier. | E31: First 5 recommendations | J31: Not reviewed
A32: 5 | B32: lifestyle | C32: Category score <75 | D32: Plan short, realistic activity sessions during the week and keep a consistent wind-down routine when possible. | E32: First 5 recommendations | J32: Not reviewed
A33: 6 | B33: mealPatterns | C33: Category score <75 | D33: Keep one simple backup meal or snack available for busier days. | E33: First 5 recommendations | J33: Not reviewed
A34: 7 | B34: Generic fallback | C34: Fewer than 3 category recommendations | D34: Keep building meals around vegetables, protein-rich foods, wholegrains, and regular fluids. | E34: Still limited to first 5 | F34: Appended after category rules | J34: Not reviewed

Sheet Flow Map
A1: Assessment Flow Map
A2: The current journey is linear. No question or answer changes the next step, skips a step, or branches to different advice.
A4: Current Linear Flow
A5: Sequence | B5: Screen / Step ID | C5: Title | D5: Questions | E5: Required to Continue | F5: Optional Questions | G5: Next Destination | H5: Answer-dependent Branch? | I5: Review Notes | J5: Status
A6: 0 | B6: contact | C6: Contact details | D6: First name, last name, email; newsletter opt-in optional | E6: Valid name and email | F6: Newsletter opt-in | G6: basics | H6: No | J6: Not reviewed
A7: 1 | B7: basics | C7: Basic information | D7: ageRange, gender, mainGoal | E7: ageRange, mainGoal | F7: gender | G7: fruit-vegetables | H7: No | J7: Not reviewed
A8: 2 | B8: fruit-vegetables | C8: Fruit and vegetable intake | D8: fruitPortions, vegetablePortions | E8: fruitPortions, vegetablePortions | F8: None | G8: fibre-wholegrains | H8: No | J8: Not reviewed
A9: 3 | B9: fibre-wholegrains | C9: Fibre and wholegrains | D9: wholegrains, legumes | E9: wholegrains, legumes | F9: None | G9: protein | H9: No | J9: Not reviewed
A10: 4 | B10: protein | C10: Protein habits | D10: proteinFrequency, proteinMeals | E10: proteinFrequency, proteinMeals | F10: None | G10: hydration | H10: No | J10: Not reviewed
A11: 5 | B11: hydration | C11: Hydration | D11: fluidIntake, sugaryDrinks | E11: fluidIntake, sugaryDrinks | F11: None | G11: meal-patterns | H11: No | J11: Not reviewed
A12: 6 | B12: meal-patterns | C12: Meal patterns | D12: breakfast, skippingMeals, regularTimes | E12: breakfast, skippingMeals, regularTimes | F12: None | G12: lifestyle | H12: No | J12: Not reviewed
A13: 7 | B13: lifestyle | C13: Lifestyle | D13: activityDays, sleepQuality | E13: activityDays, sleepQuality | F13: None | G13: Results | H13: No | J13: Not reviewed
A14: 8 | B14: results | C14: Results | D14: Overall score, five category cards, recommendations, consultation CTA | E14: All required assessment questions answered | F14: Gender may remain unanswered | G14: Back to answers or restart | H14: Advice depends on scores; navigation does not branch | J14: Not reviewed

Sheet Scenario Tester
A1: Scenario Tester
A2: Select answers in yellow cells. Scores, ratings, summaries, and recommendation triggers reproduce the current website logic.
A4: Step | B4: Question ID | C4: Question | D4: Category | E4: Selected Answer | F4: Internal Value | G4: Score | H4: Requirement | J4: Verified Reference Cases
A5: Basic information | B5: ageRange | C5: What is your age range? | D5: Unscored profile | F5: =IF(E5="","",IFERROR(VLOOKUP(B5&"|"&E5,'Questions & Answers'!$A$5:$J$71,10,FALSE),"")) | G5: =IF(E5="","",IFERROR(VLOOKUP(B5&"|"&E5,'Questions & Answers'!$A$5:$K$71,11,FALSE),"")) | H5: Required | J5: Case | K5: Answer Pattern | L5: Overall | M5: Rating | N5: Recommendation Count
A6: Basic information | B6: gender | C6: Gender | D6: Unscored profile | F6: =IF(E6="","",IFERROR(VLOOKUP(B6&"|"&E6,'Questions & Answers'!$A$5:$J$71,10,FALSE),"")) | G6: =IF(E6="","",IFERROR(VLOOKUP(B6&"|"&E6,'Questions & Answers'!$A$5:$K$71,11,FALSE),"")) | H6: Optional | J6: Low | K6: First option for every question | L6: 15 | M6: Needs attention | N6: 5
A7: Basic information | B7: mainGoal | C7: What is your main nutrition goal? | D7: Unscored profile | F7: =IF(E7="","",IFERROR(VLOOKUP(B7&"|"&E7,'Questions & Answers'!$A$5:$J$71,10,FALSE),"")) | G7: =IF(E7="","",IFERROR(VLOOKUP(B7&"|"&E7,'Questions & Answers'!$A$5:$K$71,11,FALSE),"")) | H7: Required | J7: Medium | K7: Second option for every question | L7: 48 | M7: Could improve | N7: 5
A8: Fruit and vegetable intake | B8: fruitPortions | C8: How many portions of fruit do you eat on a typical day? | D8: fruitVegetables | F8: =IF(E8="","",IFERROR(VLOOKUP(B8&"|"&E8,'Questions & Answers'!$A$5:$J$71,10,FALSE),"")) | G8: =IF(E8="","",IFERROR(VLOOKUP(B8&"|"&E8,'Questions & Answers'!$A$5:$K$71,11,FALSE),"")) | H8: Required | J8: High | K8: Last option for every question | L8: 99 | M8: Strong | N8: 1
A9: Fruit and vegetable intake | B9: vegetablePortions | C9: How many portions of vegetables or salad do you eat on a typical day? | D9: fruitVegetables | F9: =IF(E9="","",IFERROR(VLOOKUP(B9&"|"&E9,'Questions & Answers'!$A$5:$J$71,10,FALSE),"")) | G9: =IF(E9="","",IFERROR(VLOOKUP(B9&"|"&E9,'Questions & Answers'!$A$5:$K$71,11,FALSE),"")) | H9: Required
A10: Fibre and wholegrains | B10: wholegrains | C10: How often do you eat wholegrain bread, oats, brown rice, or wholegrain pasta? | D10: fibre | F10: =IF(E10="","",IFERROR(VLOOKUP(B10&"|"&E10,'Questions & Answers'!$A$5:$J$71,10,FALSE),"")) | G10: =IF(E10="","",IFERROR(VLOOKUP(B10&"|"&E10,'Questions & Answers'!$A$5:$K$71,11,FALSE),"")) | H10: Required | J10: Verification note: the reference cases were calculated directly from the current JavaScript assessment functions during workbook generation. Use the editable tester at left for clinical spot checks and edge cases.
A11: Fibre and wholegrains | B11: legumes | C11: How often do you eat beans, lentils, chickpeas, or other legumes? | D11: fibre | F11: =IF(E11="","",IFERROR(VLOOKUP(B11&"|"&E11,'Questions & Answers'!$A$5:$J$71,10,FALSE),"")) | G11: =IF(E11="","",IFERROR(VLOOKUP(B11&"|"&E11,'Questions & Answers'!$A$5:$K$71,11,FALSE),"")) | H11: Required
A12: Protein habits | B12: proteinFrequency | C12: How often do you consume protein-rich foods such as fish, eggs, dairy, tofu, beans, pulses, poultry, or lean meat? | D12: protein | F12: =IF(E12="","",IFERROR(VLOOKUP(B12&"|"&E12,'Questions & Answers'!$A$5:$J$71,10,FALSE),"")) | G12: =IF(E12="","",IFERROR(VLOOKUP(B12&"|"&E12,'Questions & Answers'!$A$5:$K$71,11,FALSE),"")) | H12: Required
A13: Protein habits | B13: proteinMeals | C13: Do most of your meals contain a source of protein? | D13: protein | F13: =IF(E13="","",IFERROR(VLOOKUP(B13&"|"&E13,'Questions & Answers'!$A$5:$J$71,10,FALSE),"")) | G13: =IF(E13="","",IFERROR(VLOOKUP(B13&"|"&E13,'Questions & Answers'!$A$5:$K$71,11,FALSE),"")) | H13: Required
A14: Hydration | B14: fluidIntake | C14: How much fluid do you drink daily? | D14: hydration | F14: =IF(E14="","",IFERROR(VLOOKUP(B14&"|"&E14,'Questions & Answers'!$A$5:$J$71,10,FALSE),"")) | G14: =IF(E14="","",IFERROR(VLOOKUP(B14&"|"&E14,'Questions & Answers'!$A$5:$K$71,11,FALSE),"")) | H14: Required
A15: Hydration | B15: sugaryDrinks | C15: How often do you consume sugary drinks? | D15: hydration | F15: =IF(E15="","",IFERROR(VLOOKUP(B15&"|"&E15,'Questions & Answers'!$A$5:$J$71,10,FALSE),"")) | G15: =IF(E15="","",IFERROR(VLOOKUP(B15&"|"&E15,'Questions & Answers'!$A$5:$K$71,11,FALSE),"")) | H15: Required
A16: Meal patterns | B16: breakfast | C16: Do you eat breakfast regularly? | D16: mealPatterns | F16: =IF(E16="","",IFERROR(VLOOKUP(B16&"|"&E16,'Questions & Answers'!$A$5:$J$71,10,FALSE),"")) | G16: =IF(E16="","",IFERROR(VLOOKUP(B16&"|"&E16,'Questions & Answers'!$A$5:$K$71,11,FALSE),"")) | H16: Required
A17: Meal patterns | B17: skippingMeals | C17: How often do you skip meals? | D17: mealPatterns | F17: =IF(E17="","",IFERROR(VLOOKUP(B17&"|"&E17,'Questions & Answers'!$A$5:$J$71,10,FALSE),"")) | G17: =IF(E17="","",IFERROR(VLOOKUP(B17&"|"&E17,'Questions & Answers'!$A$5:$K$71,11,FALSE),"")) | H17: Required
A18: Meal patterns | B18: regularTimes | C18: Do you tend to eat at regular times? | D18: mealPatterns | F18: =IF(E18="","",IFERROR(VLOOKUP(B18&"|"&E18,'Questions & Answers'!$A$5:$J$71,10,FALSE),"")) | G18: =IF(E18="","",IFERROR(VLOOKUP(B18&"|"&E18,'Questions & Answers'!$A$5:$K$71,11,FALSE),"")) | H18: Required
A19: Lifestyle | B19: activityDays | C19: How many days per week are you physically active? | D19: lifestyle | F19: =IF(E19="","",IFERROR(VLOOKUP(B19&"|"&E19,'Questions & Answers'!$A$5:$J$71,10,FALSE),"")) | G19: =IF(E19="","",IFERROR(VLOOKUP(B19&"|"&E19,'Questions & Answers'!$A$5:$K$71,11,FALSE),"")) | H19: Required
A20: Lifestyle | B20: sleepQuality | C20: How would you rate your sleep quality? | D20: lifestyle | F20: =IF(E20="","",IFERROR(VLOOKUP(B20&"|"&E20,'Questions & Answers'!$A$5:$J$71,10,FALSE),"")) | G20: =IF(E20="","",IFERROR(VLOOKUP(B20&"|"&E20,'Questions & Answers'!$A$5:$K$71,11,FALSE),"")) | H20: Required
A22: Calculated Results
A23: Category ID | B23: Display Label | C23: Score | D23: Rating | E23: Displayed? | F23: Summary
A24: fibre | B24: Fibre Habits | C24: =IFERROR(ROUND(AVERAGEIF($D$5:$D$20,A24,$G$5:$G$20),0),"") | D24: =IF(C24="","",IF(C24>=80,"Strong",IF(C24>=60,"Developing well",IF(C24>=40,"Could improve","Needs attention")))) | E24: Yes | F24: =IF(C24="","",IF(C24>=70,"Your fibre habits appear positive. Continuing to include wholegrains, legumes, fruit, and vegetables can support a balanced diet.","Your fibre intake appears lower than ideal. Increasing wholegrains, legumes, fruit, and vegetables may help support digestive health."))
A25: protein | B25: Protein Habits | C25: =IFERROR(ROUND(AVERAGEIF($D$5:$D$20,A25,$G$5:$G$20),0),"") | D25: =IF(C25="","",IF(C25>=80,"Strong",IF(C25>=60,"Developing well",IF(C25>=40,"Could improve","Needs attention")))) | E25: Yes | F25: =IF(C25="","",IF(C25>=70,"Your protein habits appear strong and are likely supporting satiety and muscle maintenance.","Your protein intake could be more consistent. Adding a protein source to more meals may help meals feel more balanced."))
A26: fruitVegetables | B26: Fruit & Vegetable Intake | C26: =IFERROR(ROUND(AVERAGEIF($D$5:$D$20,A26,$G$5:$G$20),0),"") | D26: =IF(C26="","",IF(C26>=80,"Strong",IF(C26>=60,"Developing well",IF(C26>=40,"Could improve","Needs attention")))) | E26: Yes | F26: =IF(C26="","",IF(C26>=70,"Your fruit and vegetable intake appears supportive of good overall diet quality.","Your fruit and vegetable intake could be increased. Small additions across the day can make this easier to sustain."))
A27: hydration | B27: Hydration Habits | C27: =IFERROR(ROUND(AVERAGEIF($D$5:$D$20,A27,$G$5:$G$20),0),"") | D27: =IF(C27="","",IF(C27>=80,"Strong",IF(C27>=60,"Developing well",IF(C27>=40,"Could improve","Needs attention")))) | E27: Yes | F27: =IF(C27="","",IF(C27>=70,"Your hydration habits appear supportive. Keeping water available during the day can help maintain this routine.","Your hydration habits could be improved by increasing daily fluid intake and choosing unsweetened drinks more often."))
A28: lifestyle | B28: Lifestyle Habits | C28: =IFERROR(ROUND(AVERAGEIF($D$5:$D$20,A28,$G$5:$G$20),0),"") | D28: =IF(C28="","",IF(C28>=80,"Strong",IF(C28>=60,"Developing well",IF(C28>=40,"Could improve","Needs attention")))) | E28: Yes | F28: =IF(C28="","",IF(C28>=70,"Your activity and sleep habits appear to be supporting your general wellbeing.","Your lifestyle habits may benefit from more regular movement and attention to sleep quality."))
A29: mealPatterns | B29: Meal Regularity | C29: =IFERROR(ROUND(AVERAGEIF($D$5:$D$20,A29,$G$5:$G$20),0),"") | D29: =IF(C29="","",IF(C29>=80,"Strong",IF(C29>=60,"Developing well",IF(C29>=40,"Could improve","Needs attention")))) | E29: No | F29: =IF(C29="","",IF(C29>=70,"Your meal routine appears steady, which can make balanced nutrition easier to maintain.","Your meal routine could be more regular. Planning simple meals or snacks may help reduce skipped meals."))
A31: Overall score | B31: =IF(COUNT(C24:C28)<5,"",ROUND(AVERAGE(C24:C28),0))
A32: Overall rating | B32: =IF(B31="","",IF(B31>=80,"Strong",IF(B31>=60,"Developing well",IF(B31>=40,"Could improve","Needs attention"))))
A33: Overall summary | B33: =IF(B31="","",IF(B31>=70,"Your answers suggest a generally supportive nutrition pattern with some useful habits already in place.","Your answers suggest there are several realistic opportunities to strengthen your everyday nutrition habits."))
A36: Recommendation Trigger Check
A37: Order | B37: Category | C37: Triggered? | D37: Advice
A38: 1 | B38: fruitVegetables | C38: =IF(C26="","",IF(C26<75,"Yes","No")) | D38: =IF(C38="Yes","Add an extra serving of vegetables to lunch or dinner.","")
A39: 2 | B39: fibre | C39: =IF(C24="","",IF(C24<75,"Yes","No")) | D39: =IF(C39="Yes","Choose wholegrain options more often, such as oats, wholegrain bread, brown rice, or wholegrain pasta.","")
A40: 3 | B40: protein | C40: =IF(C25="","",IF(C25<75,"Yes","No")) | D40: =IF(C40="Yes","Include a protein source with breakfast or your least balanced meal of the day.","")
A41: 4 | B41: hydration | C41: =IF(C27="","",IF(C27<75,"Yes","No")) | D41: =IF(C41="Yes","Carry a reusable water bottle to make regular fluid intake easier.","")
A42: 5 | B42: lifestyle | C42: =IF(C28="","",IF(C28<75,"Yes","No")) | D42: =IF(C42="Yes","Plan short, realistic activity sessions during the week and keep a consistent wind-down routine when possible.","")
A43: 6 | B43: mealPatterns | C43: =IF(C29="","",IF(C29<75,"Yes","No")) | D43: =IF(C43="Yes","Keep one simple backup meal or snack available for busier days.","")
A44: 7 | B44: Generic fallback | C44: =IF(COUNT(C24:C29)<6,"",IF(COUNTIF(C38:C43,"Yes")<3,"Yes","No")) | D44: =IF(C44="Yes","Keep building meals around vegetables, protein-rich foods, wholegrains, and regular fluids.","")

Sheet Proposed Changes
A1: Proposed Changes
A2: Add implementation-ready clinical content changes below. Each row can represent a question, answer option, flow rule, result rule, or advice change.
A4: Change ID | B4: Action | C4: Content Type | D4: Target Step / Section | E4: Existing ID | F4: Proposed New ID | G4: Current Wording / Rule | H4: Proposed Wording / Rule | I4: Answer Options / Values | J4: Score(s) | K4: Condition / Branch Logic | L4: Advice / Result | M4: Clinical Rationale | N4: Evidence / Source | O4: Safety Concern | P4: Priority | Q4: Approval Status | R4: Implementation Notes
A5: CHG-001 | P5: Medium | Q5: Draft
A6: CHG-002 | P6: Medium | Q6: Draft
A7: CHG-003 | P7: Medium | Q7: Draft
A8: CHG-004 | P8: Medium | Q8: Draft
A9: CHG-005 | P9: Medium | Q9: Draft
A10: CHG-006 | P10: Medium | Q10: Draft
A11: CHG-007 | P11: Medium | Q11: Draft
A12: CHG-008 | P12: Medium | Q12: Draft
A13: CHG-009 | P13: Medium | Q13: Draft
A14: CHG-010 | P14: Medium | Q14: Draft
A15: CHG-011 | P15: Medium | Q15: Draft
A16: CHG-012 | P16: Medium | Q16: Draft
... A34: CHG-030 | P34: Medium | Q34: Draft
